粉色头发动	http://kr.shanghai-jiuxin.com/file/bizhi/20220927/mrrxa0tkaqh.jpg
短发动漫女	http://kr.shanghai-jiuxin.com/file/bizhi/20220927/ggbukl4pfgs.jpg
动漫女孩，	http://kr.shanghai-jiuxin.com/file/bizhi/20220927/drq4w2w2cnd.jpg
两个动漫女	http://kr.shanghai-jiuxin.com/file/bizhi/20220927/betn5fg1g1s.jpg
火车，车站	http://kr.shanghai-jiuxin.com/file/bizhi/20220927/wfnuefdr3wo.jpg
初音未来，	http://kr.shanghai-jiuxin.com/file/bizhi/20220927/rmcihret4ys.jpg
初音未来，	http://kr.shanghai-jiuxin.com/file/bizhi/20220927/lw522p4jvoj.jpg
动漫，两个	http://kr.shanghai-jiuxin.com/file/bizhi/20220927/srn04kjktuv.jpg
三个动漫女	http://kr.shanghai-jiuxin.com/file/bizhi/20220927/nuxizveelbg.jpg
动漫女孩和	http://kr.shanghai-jiuxin.com/file/bizhi/20220927/kjjg5atrnkl.jpg
鹿跳，狼，	http://kr.shanghai-jiuxin.com/file/bizhi/20220927/4gzitkl1lyv.jpg
卡通，两只	http://kr.shanghai-jiuxin.com/file/bizhi/20220927/r1fflxqp20p.jpg
日落，草，	http://kr.shanghai-jiuxin.com/file/bizhi/20220927/nrpci2bf03f.jpg
动漫金发女	http://kr.shanghai-jiuxin.com/file/bizhi/20220927/o13br4vnktf.jpg
动漫女孩，	http://kr.shanghai-jiuxin.com/file/bizhi/20220927/q1l3003txdk.jpg
美丽的女孩	http://kr.shanghai-jiuxin.com/file/bizhi/20220927/gep2il041hw.jpg
长发动漫女	http://kr.shanghai-jiuxin.com/file/bizhi/20220927/h2din01pj5c.jpg
绿头发的动	http://kr.shanghai-jiuxin.com/file/bizhi/20220927/5dts0mvwwzg.jpg
两个动漫女	http://kr.shanghai-jiuxin.com/file/bizhi/20220927/0pq1f153wui.jpg
紫色头发的	http://kr.shanghai-jiuxin.com/file/bizhi/20220927/jrgzfhp2px2.jpg
漫威超级英	http://kr.shanghai-jiuxin.com/file/bizhi/20220927/2trnsxps4vv.jpg
两个动漫女	http://kr.shanghai-jiuxin.com/file/bizhi/20220927/fqqp2dy2gia.jpg
一些动漫女	http://kr.shanghai-jiuxin.com/file/bizhi/20220927/5ypxfajajcd.jpg
龙珠Z，3	http://kr.shanghai-jiuxin.com/file/bizhi/20220927/rekr3bf34rc.jpg
长发动漫女	http://kr.shanghai-jiuxin.com/file/bizhi/20220927/vvncxx5w0pz.jpg
可爱的动漫	http://kr.shanghai-jiuxin.com/file/bizhi/20220927/v3f55tbelck.jpg
快乐的动漫	http://kr.shanghai-jiuxin.com/file/bizhi/20220927/my1f2gaa14i.jpg
两个动漫女	http://kr.shanghai-jiuxin.com/file/bizhi/20220927/i4bzq3flph4.jpg
动漫女孩，	http://kr.shanghai-jiuxin.com/file/bizhi/20220927/5csgijcrpsr.jpg
银魂，动漫	http://kr.shanghai-jiuxin.com/file/bizhi/20220927/cn0r55hivod.jpg
